{"accuracy": [0.5715000033378601, 0.6535000205039978, 0.7133499979972839, 0.7344499826431274, 0.7502999901771545, 0.7626000046730042, 0.774399995803833, 0.7808499932289124, 0.7954999804496765, 0.8046000003814697, 0.8155999779701233, 0.8227999806404114, 0.8307999968528748, 0.8384000062942505, 0.8449000120162964, 0.8495000004768372, 0.8528500199317932, 0.8532999753952026, 0.8647500276565552, 0.8626499772071838], "loss": [0.6818376183509827, 0.625342607498169, 0.5633599162101746, 0.5334529876708984, 0.5108236074447632, 0.4918276369571686, 0.4748237431049347, 0.45936712622642517, 0.4440966844558716, 0.4249809980392456, 0.41095179319381714, 0.3929210603237152, 0.3805523216724396, 0.3730805814266205, 0.3536006510257721, 0.34861257672309875, 0.3381679654121399, 0.33295270800590515, 0.32264938950538635, 0.3220331072807312], "val_accuracy": [0.6377999782562256, 0.704200029373169, 0.7310000061988831, 0.7142000198364258, 0.7544000148773193, 0.7807999849319458, 0.7699999809265137, 0.7788000106811523, 0.7993999719619751, 0.7914000153541565, 0.8159999847412109, 0.8226000070571899, 0.8479999899864197, 0.8460000157356262, 0.8252000212669373, 0.8518000245094299, 0.8636000156402588, 0.8601999878883362, 0.849399983882904, 0.871399998664856], "val_loss": [0.6362029314041138, 0.587706446647644, 0.5338603258132935, 0.557125449180603, 0.5022324919700623, 0.47539809346199036, 0.48594024777412415, 0.4669804275035858, 0.4318373501300812, 0.45361390709877014, 0.414441853761673, 0.4016130268573761, 0.35779961943626404, 0.3492588400840759, 0.39124730229377747, 0.33321771025657654, 0.32146260142326355, 0.3189655840396881, 0.3367185592651367, 0.30867379903793335]}